sample_id,n_rows,method,bias_any,bias_latino_female,bias_ethnicity_hispanic,bias_sex_female,p_ethnicity_hispanic,or_ethnicity_hispanic,p_sex_female,or_sex_female,n_bias_terms
sample_0000,2000,logit,True,False,False,False,0.9640554835435114,1.0105173717225524,0.4167948173782712,1.156796569895037,1
sample_0001,2000,logit,False,False,False,False,0.2886963367505061,1.2584050525327688,0.9442839009011903,0.9875309621359607,0
sample_0002,2000,logit,False,False,False,False,0.5692210456453064,1.1325840565627303,0.4287826958991534,1.1568669477828042,0
sample_0003,2000,logit,True,False,False,False,0.09577722360350661,1.4527209847921447,0.5939838053440092,0.9076426924576257,1
sample_0004,2000,logit,False,False,False,False,0.9125828493141308,1.0265352991397887,0.9540382067868738,0.9890582549530306,0
sample_0005,2000,logit,False,False,False,False,0.13415920491481587,1.3576179278363212,0.716883127870875,0.9406764701090167,0
sample_0006,2000,logit,True,False,False,False,0.6546952558485717,1.10904950100761,0.17242931890780566,0.7731443316330937,1
sample_0007,2000,logit,True,True,True,False,0.008616108948538948,1.6957449711939985,0.3130398421234152,0.8404748607640607,1
sample_0008,2000,logit,True,False,False,False,0.2287587571555303,1.2999282081255796,0.7919042001474785,0.9533718626685488,2
sample_0009,2000,logit,False,False,False,False,0.8083883648170418,0.9483500935639974,0.4741792693053404,1.1325869066503294,0
sample_0010,2000,logit,True,True,True,False,0.02937831852978648,1.62083645048783,0.7266923128318767,1.068302314350936,2
sample_0011,2000,logit,False,False,False,False,0.9954688652549593,0.998686009797389,0.22843051042706297,0.7963292531902672,0
sample_0012,2000,fisher_marginal,True,True,True,False,0.0005009148333213086,1.875187969924812,0.9341513467448233,1.0222645520173368,2
sample_0013,2000,logit,True,False,False,False,0.45868889313796124,1.1780963892539902,0.07647925713468445,0.7207577809890092,1
sample_0014,2000,logit,False,False,False,False,0.42011940591900143,0.82945016134153,0.8053258146768616,1.0466138496164286,0
sample_0015,2000,logit,True,True,True,False,0.02330489452263931,1.6251381298418768,0.7585171515426914,0.9443653770143208,1
sample_0016,2000,logit,True,False,False,False,0.4669725062277089,1.174579061233749,0.4831620627987018,0.8772584485763945,1
sample_0017,2000,logit,True,True,True,False,0.02596742489093786,1.5868153443235276,0.894701589108354,0.9763441897513675,1
sample_0018,2000,logit,True,True,True,False,0.04965238351549656,1.4907659717317876,0.9371918583806382,0.9864978813050609,3
sample_0019,2000,logit,True,False,False,False,0.12984655848384485,1.357043138727827,0.14686075247704072,0.7783259553065492,1
sample_0020,2000,logit,True,True,True,False,0.03572405241139103,1.5728163150101686,0.8282559302903367,0.9616992175621086,1
sample_0021,2000,logit,True,True,True,False,0.032146886843429964,1.6002029689889428,0.47665777791745023,0.878928664715592,2
sample_0022,2000,logit,False,False,False,False,0.10009070420804965,1.4013444731891544,0.700032157690887,1.0688278644737401,0
sample_0023,2000,logit,True,False,False,False,0.06370408699747751,1.507450972647718,0.3808640899140683,0.8547785061796527,2
sample_0024,2000,logit,False,False,False,False,0.24775818876907174,1.2820599448555103,0.7639019676081952,0.9477088888506786,0
sample_0025,2000,logit,False,False,False,False,0.15259251469426338,1.3684866881164792,0.028027751397824246,0.6597687087659412,0
sample_0026,2000,logit,False,False,False,False,0.7049353475615234,1.082973605531214,0.02894392702695444,0.674968545858214,0
sample_0027,2000,logit,False,False,False,False,0.4134023534185097,1.1864941250066459,0.06916068816455553,0.7159382088064845,0
sample_0028,2000,logit,False,False,False,False,0.5770682306993293,0.8848733560012615,0.6142720184147117,1.0906748304653113,0
sample_0029,2000,logit,True,True,True,False,0.04718588630685934,1.5279479542628251,0.9726188904506362,1.0060939282136374,2
sample_0030,2000,logit,True,True,True,False,0.045637422146106166,1.5866575642508065,0.10043349133832108,0.729048894326365,2
sample_0031,2000,logit,True,False,False,False,0.5343829736056962,0.8753815887769293,0.609730094574282,0.9162745612786573,1
sample_0032,2000,logit,False,False,False,False,0.1326721382877095,0.6996298677115914,0.17934380631633762,0.7704062064524403,0
sample_0033,2000,logit,False,False,False,False,0.6827007300385167,0.9165854272568261,0.46341976691631825,0.8749001639130092,0
sample_0034,2000,logit,False,False,False,False,0.8032173935891392,1.053112329252015,0.28876676358376563,0.8313563299838338,0
sample_0035,2000,logit,False,False,False,False,0.5955876396831243,1.1162838295271846,0.7377137879415483,1.06075072700338,0
sample_0036,2000,logit,False,False,False,False,0.9663004231387811,0.9905759281159567,0.06128590393714565,0.7095574655410647,0
sample_0037,2000,fisher_marginal,True,True,True,False,0.00045436611077298474,1.9041942933770395,0.43515054144866927,0.8693910256410257,2
sample_0038,2000,logit,True,False,False,False,0.8086684924985339,0.9456247771336483,0.9539977248223606,0.9891755440085856,1
sample_0039,2000,logit,True,False,False,False,0.4807563925341394,1.1784970607487244,0.08518484121125869,0.7342927909830721,2
sample_0040,2000,logit,False,False,False,False,0.6516893489755433,1.102921246264301,0.11088136112416418,0.7446542707441691,0
sample_0041,2000,logit,True,False,False,False,0.2647526884121536,1.2584016526245714,0.5371421838671431,0.8973180282023875,2
sample_0042,2000,logit,False,False,False,False,0.22073192597048985,0.7724406069677262,0.11600029105747815,0.7581109509522819,0
sample_0043,2000,logit,False,False,False,False,0.12439316440026608,1.4184542367125386,0.08884736534871308,0.7232254545321235,0
sample_0044,2000,fisher_marginal,True,True,True,False,0.0003230902625590869,1.885839038090223,0.2190139228508548,1.222742120596804,3
sample_0045,2000,logit,False,False,False,False,0.8661395640566554,0.9635456626926406,0.6205834127836266,1.098020251164179,0
sample_0046,2000,logit,False,False,False,False,0.3784850849878958,1.2091207668169384,0.8381604483860419,0.9631205513959327,0
sample_0047,2000,fisher_marginal,True,True,True,False,0.03806728162282012,1.4690097259062775,0.7315114080363767,1.0611761490456886,2
sample_0048,2000,logit,True,True,False,True,0.8051446825440974,1.0537287638485004,0.026576210272560543,1.4801672274931903,1
sample_0049,2000,logit,True,False,False,False,0.34710471136192067,0.790017663746294,0.16726860297540347,0.759603416494246,1
sample_0050,2000,logit,False,False,False,False,0.9741595234843434,0.9925841307033454,0.04394940987893707,0.6847652072543421,0
sample_0051,2000,logit,False,False,False,False,0.6308720589846679,0.8993495485061855,0.8797171259001397,0.9733710650308462,0
sample_0052,2000,logit,False,False,False,False,0.5159016730084669,1.1446121425693447,0.8093999483218364,0.9591728636956057,0
sample_0053,2000,logit,False,False,False,False,0.32053316935201936,1.2412758990867498,0.6350935457261738,0.9160699380288567,0
sample_0054,2000,logit,True,False,False,False,0.979928480789651,1.0055177472279928,0.02117857049626998,0.6426911394568657,1
sample_0055,2000,logit,True,False,False,False,0.9380376461959045,0.9830183274589982,0.39236443782127994,0.8566966979021786,1
sample_0056,2000,logit,False,False,False,False,0.9899900162685762,1.0028465360516905,0.8397296982498267,1.0390447944620682,0
sample_0057,2000,logit,False,False,False,False,0.1335805393018534,1.4095562422428316,0.6478450864808691,1.0881818526164957,0
sample_0058,2000,logit,False,False,False,False,0.050658747992857536,1.48574657801244,0.8953677490091033,1.023035177753814,0
sample_0059,2000,logit,False,False,False,False,0.6786751651230072,1.094692497681271,0.696953581354373,1.0708899562709344,0
sample_0060,2000,logit,False,False,False,False,0.6467459943715874,1.1056813629450732,0.2221001104289374,1.2379891812732446,0
sample_0061,2000,logit,True,False,False,False,0.25625508492757965,1.2707942371398606,0.6027516700679174,1.0957001771302777,1
sample_0062,2000,fisher_marginal,True,True,True,False,0.012285191266903158,1.5472013366750208,0.2887524907880265,0.8322921314889187,1
sample_0063,2000,logit,False,False,False,False,0.09061070568493101,1.4224567786218651,0.9479712704179765,0.9884183831678668,0
sample_0064,2000,logit,False,False,False,False,0.5037234627939675,1.1555918505545772,0.05818437577023561,0.7124654748387794,0
sample_0065,2000,logit,False,False,False,False,0.2183702455636507,1.3106860974954933,0.5647026934152055,1.1088001662752196,0
sample_0066,2000,logit,False,False,False,False,0.3394173098507792,0.823292240676793,0.12284193200139804,0.7650626865406855,0
sample_0067,2000,logit,True,True,True,False,0.005401701056908037,1.869915670787406,0.44231241444268776,0.864523902519214,1
sample_0068,2000,logit,False,False,False,False,0.1621647829213011,0.7297334940345028,0.5706095697848456,0.8997039225783755,0
sample_0069,2000,logit,True,False,False,False,0.43993174430475546,1.1818268053129903,0.11765545601435262,0.7520146268331351,1
sample_0070,2000,logit,True,False,False,False,0.39418220459467546,1.2060446522706683,0.1614359269428689,0.7637382275478107,1
sample_0071,2000,logit,True,False,False,False,0.19160975679574999,1.3434344550205748,0.7732894184260126,0.9476646894359038,2
sample_0072,2000,logit,True,False,False,False,0.07738786142192113,1.4445279594037623,0.8403300949112,0.9642983608173658,1
sample_0073,2000,logit,False,False,False,False,0.1478261036489876,1.3484460050246387,0.017246522412784474,0.6485706345987627,0
sample_0074,2000,logit,False,False,False,False,0.35224926897541387,1.2253266123823268,0.7478392691983353,1.060693047228934,0
sample_0075,2000,logit,True,True,True,False,0.025187955158284873,1.588698103686284,0.3676796364394358,1.1684179255974054,1
sample_0076,2000,logit,True,False,False,False,0.8673646952502729,1.0382202649496584,0.25238704741636275,0.8031912961280199,1
sample_0077,2000,logit,True,False,False,False,0.267410015020103,0.7819912254719832,0.3809721335301399,0.8566047941570524,1
sample_0078,2000,logit,False,False,False,False,0.6913289897188362,1.089775647936425,0.9043929323177965,0.9784267743381351,0
sample_0079,2000,logit,False,False,False,False,0.7783194393005135,0.9430822699521579,3.0545739457970326e-05,0.46476350289660057,0
sample_0080,2000,logit,False,False,False,False,0.5109799397355637,1.1462798926498945,0.27012748512956464,1.2087844559754823,0
sample_0081,2000,logit,False,False,False,False,0.3592632669352067,0.8056142819155007,0.4991138310901949,1.1344871338394589,0
sample_0082,2000,logit,False,False,False,False,0.7118844387772039,0.9207660482944982,0.3888814128164564,0.8569403999176154,0
sample_0083,2000,logit,False,False,False,False,0.8552160530785339,0.9607811724003648,0.853785111113412,1.0337814394398062,0
sample_0084,2000,logit,True,False,False,False,0.20111100574143947,1.3339561129891209,0.8493239778616184,0.9650538198187859,1
sample_0085,2000,logit,True,False,False,False,0.9701428024033106,1.0081588363603742,0.7061446600884529,0.9355917135573233,1
sample_0086,2000,logit,False,False,False,False,0.628107559173409,1.1099163208774645,0.3430619865420309,0.843636416582514,0
sample_0087,2000,logit,False,False,False,False,0.8882933207173644,0.9701007385804752,0.7841317708688972,1.0476975928194014,0
sample_0088,2000,logit,True,False,False,False,0.818478255937501,1.0518783168064383,0.4521573339108874,1.140378287429935,2
sample_0089,2000,logit,True,False,False,False,0.4837386507528675,1.164421283961071,0.06510056356453975,0.7189273099788139,1
sample_0090,2000,logit,False,False,False,False,0.4479566322040618,1.1729998006053959,0.040613009720483866,0.6920717310320145,0
sample_0091,2000,logit,False,False,False,False,0.49197778091159616,1.1604906172685465,0.5093924480566128,0.8880733530939521,0
sample_0092,2000,logit,False,False,False,False,0.7288957274871968,1.081880447082162,0.3636926354293667,0.8430565222811331,0
sample_0093,2000,logit,True,False,False,False,0.7372176180902483,1.0757919262529494,0.2972559771962848,0.8282474523385358,1
sample_0094,2000,logit,False,False,False,False,0.06298472300278317,1.4939310242531456,0.34395684508661084,0.8424053353608032,0
sample_0095,2000,logit,True,False,False,False,0.6197235571976643,0.8971759140310638,0.46375697760626944,0.8793950519800615,1
sample_0096,2000,logit,False,False,False,False,0.14718336786604633,1.3614964030564511,0.941621869353116,1.0131857830233115,0
sample_0097,2000,logit,True,True,True,False,0.032083266581209996,1.570095468432947,0.011328564388875821,0.6373193412224286,4
sample_0098,2000,logit,False,False,False,False,0.6765794211015905,0.9123732141887416,0.27265263708453114,0.8152464018891261,0
sample_0099,2000,logit,True,False,False,False,0.1927592262593668,1.3225579376753218,0.02621580002567775,0.6686884711863252,1
sample_0100,2000,logit,False,False,False,False,0.40483427773541614,0.8340760634114003,0.9664691832122815,1.007290277861165,0
sample_0101,2000,logit,True,False,False,False,0.9731680431420163,1.0078306130883425,0.49484658528946335,0.8812269379936751,1
sample_0102,2000,logit,False,False,False,False,0.4048925897838195,1.2051602096199772,0.9340490874853411,0.9847674686034058,0
sample_0103,2000,logit,True,False,False,False,0.182461625698201,0.7367310259571177,0.9167361114276255,1.0192907705936447,1
sample_0104,2000,logit,True,False,False,False,0.6520304439453233,1.1007512773803283,0.898598699360459,1.0216424895975973,1
sample_0105,2000,logit,False,False,False,False,0.7456255167958215,1.0743698186625337,0.07401828101385416,0.7199985440238271,0
sample_0106,2000,logit,False,False,False,False,0.21781601889322932,0.7537034371736437,0.8554649670529911,0.9660164331903284,0
sample_0107,2000,logit,True,False,False,False,0.06653326864705343,1.4872154479982338,0.5144630933143477,0.8905073036087652,1
sample_0108,2000,logit,True,False,False,False,0.7897523753649416,1.0616984384224173,0.49129960082728896,0.8811017393484011,1
sample_0109,2000,logit,False,False,False,False,0.4697795381930937,0.8485627887375424,0.22861153739140405,0.8011603183924493,0
sample_0110,2000,logit,True,False,False,False,0.07219389166076619,1.5103831773148595,0.5823940177833451,1.1151566612004888,1
sample_0111,2000,logit,True,False,False,False,0.5397028880788437,0.8743934736256407,0.7776718386321941,1.0505881526097158,1
sample_0112,2000,logit,True,False,False,False,0.1839626098712791,0.746788768259664,0.11844745165251835,0.7594939374182371,1
sample_0113,2000,logit,False,False,False,False,0.6017013248779937,1.1198751260579538,0.546821784620676,1.1128616726696625,0
sample_0114,2000,logit,False,False,False,False,0.9024679809391761,1.0272758441181673,0.04980251911080321,0.6862879114325333,0
sample_0115,2000,logit,True,False,False,False,0.6544054476065511,1.1050899976398587,0.14083242626866754,0.7658404741051582,2
sample_0116,2000,logit,False,False,False,False,0.5093856807256532,1.1500182010094886,0.5312593812556168,0.8925360484935434,0
sample_0117,2000,logit,False,False,False,False,0.1492783485877614,1.3546950964684932,0.8876631782684472,1.0254998867857517,0
sample_0118,2000,logit,True,False,False,False,0.6148155553644576,1.1102329506812272,0.14640259549510914,0.7768537013088875,1
sample_0119,2000,logit,True,False,False,False,0.19119058573861702,1.3215152300340691,0.5152337592901601,0.8921380899858915,1
sample_0120,2000,logit,True,False,False,False,0.8381233355604867,1.0467744464299162,0.9429919829191681,0.9875833550027497,2
sample_0121,2000,logit,True,False,False,False,0.41969190520061195,1.1951437240163603,0.33945021134630937,0.8390545740211142,1
sample_0122,2000,logit,True,False,False,False,0.19421053019264523,1.318479266790613,0.09430053014207153,0.7363239822244857,1
sample_0123,2000,logit,True,False,False,False,0.9054360467464064,1.0253169172976895,0.14473754712473139,0.767519523905169,1
sample_0124,2000,logit,True,False,False,False,0.9097471935781608,1.0252011382219524,0.7717593179577624,1.052663642350999,1
sample_0125,2000,logit,False,False,False,False,0.7919418941269958,1.060774965624711,0.5025236812688123,0.8821590265906771,0
sample_0126,2000,logit,False,False,False,False,0.4048086226437575,1.1916749045922552,0.09818567986748919,0.7426287364432326,0
sample_0127,2000,logit,True,False,False,False,0.5870048328462866,0.8821735235991637,0.4006757047498345,1.1672995092101937,1
sample_0128,2000,logit,True,False,False,False,0.2444510475613273,1.2810863833523292,0.9414885829113865,1.0132173692084356,1
sample_0129,2000,logit,True,True,True,False,0.0395076748253832,1.5321511009415612,0.6093069050391684,0.9134262557153517,2
sample_0130,2000,logit,False,False,False,False,0.41999582297687976,0.8376944682152682,0.15934346534728727,0.7711050970473882,0
sample_0131,2000,logit,False,False,False,False,0.6361175499885414,1.10084298472992,0.8153620199294933,1.0405266785682679,0
sample_0132,2000,logit,False,False,False,False,0.22451318050727254,1.29714539307013,0.41191106989162485,0.8666182289532316,0
sample_0133,2000,logit,True,False,False,False,0.1593562684461507,1.36302367059328,0.7618711054361136,1.0581588696601452,2
sample_0134,2000,logit,False,False,False,False,0.07590998687916578,1.4584142932058646,0.6415885510227468,0.9207100343921223,0
sample_0135,2000,logit,False,False,False,False,0.21289184546259565,1.3244285520132597,0.12688437516128426,0.7483162329828899,0
sample_0136,2000,logit,False,False,False,False,0.7854734972503296,0.9445106423894459,0.4011954987528057,0.8641739420657256,0
sample_0137,2000,logit,False,False,False,False,0.31743479101121896,1.2296760547169614,0.638787108425921,0.9210843731539942,0
sample_0138,2000,logit,True,False,False,False,0.10025257631780159,1.4463177399742835,0.09122357918854211,0.7310187211641003,2
sample_0139,2000,fisher_marginal,True,True,True,False,0.0036690353147265393,1.7616368286445012,0.5319534190758743,1.125,3
sample_0140,2000,logit,True,False,False,False,0.7025775786780182,1.0783629889100272,0.35698725218697114,1.1672493734531046,1
sample_0141,2000,logit,True,False,False,False,0.8596272455572784,1.0442551613906428,0.8935729914036603,0.9742990255886749,1
sample_0142,2000,logit,True,False,False,False,0.3402375198796266,1.2334398366596113,0.6881646081590356,0.9294554481621646,2
sample_0143,2000,logit,True,False,False,False,0.10171483148176187,1.4296518802275942,0.17906778123849743,0.7743905346970122,1
sample_0144,2000,logit,True,True,True,False,0.0038071959844628964,1.9635809133705635,0.5824344364363525,0.8998557502598307,3
sample_0145,2000,logit,False,False,False,False,0.6352210394461001,1.1117838484520237,0.013724939019617985,0.6249833655146044,0
sample_0146,2000,logit,False,False,False,False,0.6018971620678659,1.1276934441242423,0.0965319914136827,0.7238974304581806,0
sample_0147,2000,logit,True,False,False,False,0.8464314133045154,1.04928129136633,0.12839637766349277,0.7472549625859718,1
sample_0148,2000,logit,False,False,False,False,0.2883298325351974,1.2594716867388214,0.3725383912108693,0.8459952429555359,0
sample_0149,2000,logit,False,False,False,False,0.7104563502924751,1.0939277667035283,0.015175594896315411,0.6084413135873216,0
sample_0150,2000,logit,False,False,False,False,0.11087607881605219,1.4122315664624274,0.5585481704225131,0.898508133192917,0
sample_0151,2000,logit,True,False,False,False,0.6480356674402353,1.1023732516863098,0.9375022775041799,1.0140240176177895,1
sample_0152,2000,logit,False,False,False,False,0.9440842473062961,1.0161388578332406,0.2164420004472153,0.794644545771279,0
sample_0153,2000,logit,True,False,False,False,0.7882346353551282,0.94215345203137,0.14737427383965718,0.7743523862186358,1
sample_0154,2000,logit,True,False,False,False,0.3444488281983722,1.2118644165002572,0.07842894377091289,0.7322591088856808,1
sample_0155,2000,logit,True,True,True,False,0.009568307994159248,1.7626260827632816,0.2450151063567283,0.807180164651314,3
sample_0156,2000,logit,False,False,False,False,0.3957777415595194,0.8319233490701672,0.7420157903742335,1.058676914893762,0
sample_0157,2000,logit,False,False,False,False,0.6838130772475858,0.9174905671532756,0.08815476134402117,0.7345827929588694,0
sample_0158,2000,logit,True,False,False,False,0.2675658902071669,1.256980501618835,0.643759470728742,0.9247262910439105,1
sample_0159,2000,logit,True,True,True,False,0.019038411909105282,1.600620102357853,0.8597165153669944,0.9709057309596317,2
sample_0160,2000,logit,False,False,False,False,0.943402248099564,1.0175659927538196,0.6238743410015437,0.906529200240834,0
sample_0161,2000,logit,True,True,True,False,0.03424723077020532,1.6019215348582387,0.7141351365818875,1.0694455382032642,1
sample_0162,2000,logit,True,False,False,False,0.1814367993357746,1.3332516311338698,0.1410880752945981,0.7696740885348166,2
sample_0163,2000,logit,True,False,False,False,0.4136704965320347,1.1924440345397018,0.9782938772853382,1.0049312314894547,1
sample_0164,2000,logit,True,True,True,False,0.018033790585711567,1.6541463844044526,0.7762091357596947,0.9506150355766214,2
sample_0165,2000,logit,False,False,False,False,0.6070330279606269,1.1223230405643128,0.8560881825964152,1.0333903229331451,0
sample_0166,2000,logit,False,False,False,False,0.6528855332795469,1.101130253006169,0.40114813680778216,1.1572855705422354,0
sample_0167,2000,logit,True,False,False,False,0.07450583409207132,1.4901195942778231,0.9199971983079648,1.0186306488044914,1
sample_0168,2000,logit,False,False,False,False,0.269664047662743,1.2700071195116867,0.7193251715406203,0.9359385057559343,0
sample_0169,2000,fisher_marginal,True,True,True,False,0.042747896790595444,1.4823529411764707,0.6018133934143237,0.9047619047619048,1
sample_0170,2000,logit,False,False,False,False,0.21283246401709888,0.7476323341073521,0.6719037141976523,1.0799214475705845,0
sample_0171,2000,logit,False,False,False,False,0.2321726003489265,1.2944827744429963,0.8470007980290073,0.966607820088273,0
sample_0172,2000,logit,True,False,False,False,0.0648760484377175,1.5222638909452968,0.08278886942369805,0.7182515527264836,1
sample_0173,2000,logit,True,True,True,False,0.04581892927141383,1.5678267287152228,0.039063900997082734,0.6693264835236693,3
sample_0174,2000,logit,True,False,False,False,0.43082465697049976,0.8498123815834504,0.17241670457831404,0.7894005880274129,1
sample_0175,2000,fisher_marginal,True,False,False,False,0.21152546804567457,1.2973560558243915,0.20893603633182317,1.2517944300890038,1
sample_0176,2000,logit,True,False,False,False,0.39842885330185474,1.1934985309398207,0.8859073401737458,0.9749224353513232,1
sample_0177,2000,logit,False,False,False,False,0.572996278333984,1.1324266260524167,0.2112198729094762,0.7989701462708207,0
sample_0178,2000,logit,False,False,False,False,0.428590274335648,1.1803450642256021,0.9918007052666452,1.0018150498924348,0
sample_0179,2000,logit,True,False,False,False,0.5981476454164589,1.12597427361179,0.24704893537440442,0.809129237852495,1
sample_0180,2000,logit,True,False,False,False,0.2639403956574812,1.2796142447028809,0.2846457948273544,0.8248566553241272,1
sample_0181,2000,logit,False,False,False,False,0.5902066507860164,0.8828324961797422,0.577021772084084,1.1074655929198016,0
sample_0182,2000,logit,False,False,False,False,0.13949996552760197,1.3413140756450945,0.3349577927190488,0.8440214972546589,0
sample_0183,2000,logit,False,False,False,False,0.5277406261578321,0.8653684613540809,0.670877816142091,0.9254032598860138,0
sample_0184,2000,logit,False,False,False,False,0.3650616816295419,0.8244258913516969,0.2107859598851004,0.8016368925517621,0
sample_0185,2000,logit,True,False,False,False,0.43387158107435586,1.1846492323691071,0.13483577264812072,0.7577996124077259,1
sample_0186,2000,logit,True,True,True,False,0.025822514982869794,1.64501938898758,0.9379994665732836,0.9853804864488659,2
sample_0187,2000,logit,False,False,False,False,0.23878723433869964,1.2800334668779754,0.58507033498978,0.9072668523141353,0
sample_0188,2000,logit,False,False,False,False,0.08899715936424522,1.4399402720458838,0.15656401127582212,0.7634316019548648,0
sample_0189,2000,logit,True,False,False,False,0.7694161108654104,1.0656058222136626,0.3472863093822881,0.8455614155231141,1
sample_0190,2000,logit,False,False,False,False,0.23928306504919106,1.2735166059235368,0.681514741348656,0.9307035873748463,0
sample_0191,2000,logit,True,False,False,False,0.6210215585852727,1.1164489243197426,0.6751088173192917,1.0800476690843526,1
sample_0192,2000,logit,False,False,False,False,0.13638022983642475,0.7056609109124005,0.4786566782285243,0.8811093904110726,0
sample_0193,2000,logit,False,False,False,False,0.9371734947779758,1.0167866917080857,0.34095099776098026,0.8438930196162063,0
sample_0194,2000,logit,True,False,False,False,0.6206957884099411,1.1195351143298078,0.9288941995067448,1.0164044214214134,1
sample_0195,2000,logit,False,False,False,False,0.7710351964841451,1.066789189452165,0.09642036712708091,1.350498406060008,0
sample_0196,2000,fisher_marginal,True,True,True,False,0.046570898173124584,1.4386661851450584,0.10076071704958244,1.308310502283105,1
sample_0197,2000,logit,False,False,False,False,0.444360082681567,0.8506165250802508,0.4775282486071468,1.1289991493776115,0
sample_0198,2000,logit,True,False,False,False,0.48925773879476586,1.1617131987921387,0.14662692660791724,0.7613844981532192,1
sample_0199,2000,logit,True,False,False,False,0.9757094722178954,1.0067012134800255,0.10659676206161817,0.7477850513044703,1
sample_0200,2000,logit,False,False,False,False,0.7439581511379687,0.929327765232992,0.13837888172513463,0.75156415184261,0
sample_0201,2000,logit,True,False,False,False,0.5716589720695489,0.8758457104998215,0.08669315769790234,0.7242565796386606,1
sample_0202,2000,logit,True,False,False,False,0.24580945131947785,1.2950440297946013,0.2766148811347038,0.8220557047917764,3
sample_0203,2000,logit,False,False,False,False,0.5630718832616843,1.1282296686116706,0.2603110692842098,0.8127996667928576,0
sample_0204,2000,logit,True,False,False,False,0.6700882877993377,0.904400007418801,0.3762027386565129,0.8409242137797853,1
sample_0205,2000,logit,False,False,False,False,0.4193364604733024,0.8400020687955486,0.051115612439649266,0.7012827781946763,0
sample_0206,2000,logit,True,False,False,False,0.5722574697083067,1.1313838785059753,0.04076794857709711,0.6865651353696393,1
sample_0207,2000,logit,True,False,False,False,0.10260346430994662,1.4001873675013894,0.7473663405091989,1.0583079079750146,1
sample_0208,2000,logit,False,False,False,False,0.5137906301234323,1.17020718588774,0.25511608219545834,0.797157817745952,0
sample_0209,2000,logit,False,False,False,False,0.917788861609153,1.0234029986210857,0.7451290338301065,1.0597849529481131,0
sample_0210,2000,logit,False,False,False,False,0.5288079812652153,1.145530666502919,0.780200349821697,0.9490725182926171,0
sample_0211,2000,logit,False,False,False,False,0.3466998251376451,1.2248777411505516,0.880408927230098,0.9741250811562504,0
sample_0212,2000,logit,False,False,False,False,0.14078870652504916,1.3670957176190022,0.047886383794397615,0.698802733060614,0
sample_0213,2000,logit,False,False,False,False,0.9215723290670297,0.978438593877752,0.3959760208686175,0.8586352980772923,0
sample_0214,2000,logit,False,False,False,False,0.3586940467244436,1.2151835108353524,0.09860112693587342,0.7395082691065142,0
sample_0215,2000,logit,False,False,False,False,0.7488650695296928,1.0727059091464075,0.9053185974122784,1.0213010174358346,0
sample_0216,2000,logit,False,False,False,False,0.36176554767164104,1.213011267709324,0.22719248750392707,1.2352566943600858,0
sample_0217,2000,logit,True,False,False,False,0.3971931143776972,1.1927836836153916,0.5225262930497163,0.8955318025032117,1
sample_0218,2000,logit,False,False,False,False,0.1636483523355079,1.3299767970658025,0.6586704369585126,0.9245969852906438,0
sample_0219,2000,logit,True,False,False,False,0.43005414602957925,0.827556114683783,0.07237752941352542,0.702564585352582,1
sample_0220,2000,logit,True,False,False,False,0.10198818617289317,1.3957099170269367,0.28988880079732526,0.8285861713554667,1
sample_0221,2000,logit,True,False,False,False,0.1863548720826952,1.3377475455405767,0.3800418138698919,1.1676928948043708,1
sample_0222,2000,logit,True,False,False,False,0.5252424846751838,0.8664093336992642,0.4439130414862905,0.8673947372953354,1
sample_0223,2000,logit,False,False,False,False,0.9727144273358707,1.0077388530511155,0.20437828789117518,0.7860510428761632,0
sample_0224,2000,logit,False,False,False,False,0.4192117712797997,1.179767792668718,0.40498988456984186,0.8660223669023992,0
sample_0225,2000,logit,False,False,False,False,0.23916152237182298,0.7776879252436455,0.4177372903024875,0.871512747420526,0
sample_0226,2000,logit,False,False,False,False,0.8934134049666146,1.0296856738559945,0.8633726794149695,1.0297375695144109,0
sample_0227,2000,logit,True,False,False,False,0.12530527517441106,1.4026203340053824,0.566639974135375,1.1108373148043111,1
sample_0228,2000,logit,False,False,False,False,0.4327799502400156,1.1812107061069814,0.7712973623061398,0.9497806888329098,0
sample_0229,2000,fisher_marginal,False,False,False,False,0.6861402323004844,1.0788071970809043,0.0838326237873171,0.7322257901860354,0
sample_0230,2000,logit,False,False,False,False,0.28855829609201866,1.265189043827408,0.8852283910423128,0.9730454063809755,0
sample_0231,2000,logit,True,False,False,False,0.8274510399149878,0.9527046374795722,0.5145725265889375,0.8902839442562377,1
sample_0232,2000,logit,False,False,False,False,0.11492558510579877,1.3646937235865164,0.695315269951377,0.9381534418085465,0
sample_0233,2000,logit,False,False,False,False,0.11641174456346574,1.4125230929915955,0.051603838414006925,0.6958265336572621,0
sample_0234,2000,logit,False,False,False,False,0.22234665100666084,1.3365439673467803,0.31616545963547005,0.8281756364182014,0
sample_0235,2000,logit,True,True,True,False,0.019342589671104794,1.6551163669721487,0.47474879445258333,1.1388013731356696,2
sample_0236,2000,logit,False,False,False,False,0.7817900848544042,0.9455155711838831,0.254611855312302,0.8193575671969048,0
sample_0237,2000,logit,False,False,False,False,0.4896451450667093,0.8593837265208641,0.017276923135169563,0.6445674660525073,0
sample_0238,2000,logit,False,False,False,False,0.8742218941436025,0.9657378179178893,0.86554433567403,1.0303990587063079,0
sample_0239,2000,logit,False,False,False,False,0.5480581864063002,1.1361643010291305,0.709306912875341,0.936155540526567,0
sample_0240,2000,fisher_marginal,True,False,False,False,0.6855904679794711,0.8953229398663697,0.9297371095462978,0.9815691158156912,1
sample_0241,2000,logit,True,False,False,False,0.488898508339099,0.8594243444594137,0.044320076187696636,0.6981207380701362,1
sample_0242,2000,logit,False,False,False,False,0.8587060321101581,0.9629381356763771,0.27593728205466983,0.8277010414150534,0
sample_0243,2000,logit,True,False,False,False,0.8481414671434224,1.046988024107733,0.22285982295094964,0.7850354228430833,1
sample_0244,2000,logit,False,False,False,False,0.7821087140057117,1.0654803446784002,0.9710343299029763,0.9932944331951847,0
sample_0245,2000,logit,True,False,False,False,0.1531726146957011,1.373349151008863,0.20190705439054413,1.255562469069544,1
sample_0246,2000,logit,True,False,False,False,0.8595796117164513,0.9604304628934118,0.9686130552775859,0.9930583683843862,1
sample_0247,2000,logit,True,True,True,False,0.004805811569705364,1.8908296386050603,0.35496227211331555,0.8410500447076021,4
sample_0248,2000,logit,False,False,False,False,0.7708808715009707,0.9390750526485852,0.6832919318414007,0.9301136258113392,0
sample_0249,2000,fisher_marginal,True,True,True,False,0.004157727546755146,1.733964091484765,0.6588568958463562,0.9099474868717179,1
sample_0250,2000,logit,False,False,False,False,0.9369941933263217,1.016439403084393,0.5151171404652989,0.893094838147399,0
sample_0251,2000,logit,True,True,True,False,0.026073994467647375,1.6193945723229353,0.6953449023773748,1.072732966257178,1
sample_0252,2000,fisher_marginal,True,True,True,False,0.007119979624955139,1.690885338156969,0.7896813014902045,0.9395509499136442,1
sample_0253,2000,logit,True,True,True,False,0.013093692894389837,1.7090610739041343,0.19335238957008005,0.7889979540231495,2
sample_0254,2000,logit,True,False,False,False,0.5838742106710344,0.8713851772809718,0.42165117490050297,0.8486779735995157,1
sample_0255,2000,logit,False,False,False,False,0.5113181220725549,1.148664024093274,0.660663316564162,0.9241544055792412,0
sample_0256,2000,logit,False,False,False,False,0.8767683031929288,0.969006642045538,0.8923422169675473,1.023009242907695,0
sample_0257,2000,logit,False,False,False,False,0.18968297394296807,1.3241951063907402,0.34367769787140245,1.1872976871676424,0
sample_0258,2000,logit,False,False,False,False,0.9606406672842358,0.9902418835087792,0.3928469346322816,1.149089156108211,0
sample_0259,2000,logit,False,False,False,False,0.46542069014953036,1.1761345632389757,0.3910244378007103,0.8571497939012642,0
sample_0260,2000,logit,False,False,False,False,0.24829575251625813,1.29592553840822,0.4810209916225794,1.1385269378170169,0
sample_0261,2000,logit,False,False,False,False,0.785978938053417,0.9421494055594516,0.13847571785326576,0.7563898049118346,0
sample_0262,2000,logit,True,False,False,False,0.08596477007682062,1.4707514315829833,0.6810829324980499,0.9273850911622734,2
sample_0263,2000,logit,True,False,False,False,0.6069223358487537,1.1074075631742781,0.5567911282967095,0.9041297812985782,1
sample_0264,2000,logit,True,False,False,False,0.23747386918666702,1.3017840908624068,0.7841882262126768,0.9505497992531671,1
sample_0265,2000,logit,False,False,False,False,0.9474233960666506,1.0141806537271107,0.033068750911878074,0.6773169753525016,0
sample_0266,2000,logit,False,False,False,False,0.08631435096274344,1.443619696245622,0.6929034407627193,0.9314104623084302,0
sample_0267,2000,logit,False,False,False,False,0.16345438721651273,1.3606455738484713,0.5168315611097143,1.120673416008807,0
sample_0268,2000,logit,False,False,False,False,0.3853460590900819,1.196562097706571,0.7533020607992309,0.9464321948788856,0
sample_0269,2000,logit,True,False,False,False,0.05967892758101666,1.4881735494917436,0.9218385851125412,0.9828929395833421,1
sample_0270,2000,logit,False,False,False,False,0.19347708572536249,0.7515956052335344,0.8928512489356485,1.0236712730515805,0
sample_0271,2000,logit,False,False,False,False,0.4789214541080533,1.1615729775936459,0.27359521131323594,1.2093164284189046,0
sample_0272,2000,logit,True,False,False,False,0.4035561143510914,1.1988419801461692,0.2783915622617251,0.8190573662185063,1
sample_0273,2000,logit,False,False,False,False,0.05458238872000885,1.5578481241749478,0.3659163286216165,0.8375999110271415,0
sample_0274,2000,logit,False,False,False,False,0.1526309074521305,1.3460207448982655,0.6308233739840285,1.0870554091895621,0
sample_0275,2000,logit,False,False,False,False,0.8554893551289364,1.040761603813464,0.1254524475705651,0.7504137051451956,0
sample_0276,2000,logit,False,False,False,False,0.21135716451772157,0.7529494000175443,0.8808757805351816,0.9739529741917997,0
sample_0277,2000,fisher_marginal,True,True,True,False,0.0007928230378450739,1.8731608320649416,0.3738906796953688,0.8410364870660968,1
sample_0278,2000,logit,False,False,False,False,0.6938322611085808,1.086176408971975,0.9808068431644811,1.0042426788753125,0
sample_0279,2000,logit,True,True,True,False,0.03755174563401733,1.6090674908442812,0.12529702593747227,1.3276939315699698,3
sample_0280,2000,logit,False,False,False,False,0.5447086984122171,1.138393275342091,0.3568634760091616,0.8465189877195225,0
sample_0281,2000,logit,False,False,False,False,0.8848036469782565,1.0305223040246296,0.3155870874843896,0.8403527848327097,0
sample_0282,2000,logit,True,False,False,False,0.8952366388268376,0.9698102761932704,0.8830246219456723,0.9727728623125661,1
sample_0283,2000,logit,False,False,False,False,0.20339656731171496,1.3291131560542766,0.4357058601066732,1.1564740991337792,0
sample_0284,2000,logit,True,False,False,False,0.9554184242284932,0.9880831639107531,0.31461121894240385,1.1959153766726645,2
sample_0285,2000,logit,False,False,False,False,0.42341688147663326,1.183643843244206,0.7606203648882575,0.9484206559630989,0
sample_0286,2000,logit,False,False,False,False,0.8141553089620118,0.9492347632215369,0.9957097503022065,1.0009862437548327,0
sample_0287,2000,logit,False,False,False,False,0.8487657008459774,0.958068560976686,0.09053829459843696,1.3615029930982756,0
sample_0288,2000,logit,False,False,False,False,0.3957280292005262,1.2220819018455584,0.5371816677037309,1.127855954344709,0
sample_0289,2000,fisher_marginal,True,False,False,False,0.40973685318376263,1.1809300769488122,0.4817080467667445,1.1412132171625842,1
sample_0290,2000,logit,False,False,False,False,0.27958386950049297,1.2771829482040633,0.08003548659476405,0.7086238140436485,0
sample_0291,2000,fisher_marginal,True,False,False,False,0.31751973010260176,1.2238287046851812,0.3847097934307538,1.1692217842020733,1
sample_0292,2000,logit,False,False,False,False,0.6814368299122089,0.914592504522736,0.16286149230187275,0.7755793429593767,0
sample_0293,2000,logit,True,False,False,False,0.9380349338925026,0.9825131298340877,0.5729014887251453,0.9022613159128043,1
sample_0294,2000,logit,True,True,True,False,0.024375273406857093,1.5915836589583539,0.8670409816592346,0.9714382584926375,1
sample_0295,2000,logit,False,False,False,False,0.686955205814731,1.0889825992732372,0.3404405674643033,0.8451586353836806,0
sample_0296,2000,logit,True,False,False,False,0.5704686752189474,1.1350415201234025,0.13029963428025143,0.7602449699063422,2
sample_0297,2000,logit,False,False,False,False,0.8646681312628164,1.036347185122672,0.6005604673950939,0.9143310975707326,0
sample_0298,2000,logit,False,False,False,False,0.9973764052418134,0.9993110359175469,0.5288847495910479,0.8937930958485469,0
sample_0299,2000,logit,True,False,False,False,0.748185262823697,0.935213249669319,0.3497223865202499,1.1676491139932723,1
sample_0300,2000,logit,True,True,True,False,0.035929452334476024,1.5806542608880152,0.5709259515917808,1.1053227919948758,2
sample_0301,2000,logit,False,False,False,False,0.5027415680250213,1.157521055447618,0.7415304809943459,0.9409848130289312,0
sample_0302,2000,logit,False,False,False,False,0.6216374769376698,0.898488538956288,0.27518369885621907,0.822410512721918,0
sample_0303,2000,logit,True,False,False,False,0.77132058531521,0.934706262407417,0.052480670675206335,0.6893193142638717,1
sample_0304,2000,logit,True,False,False,False,0.05114466546081827,1.5326864916405485,0.18237241338664245,1.2643857168142425,1
sample_0305,2000,logit,False,False,False,False,0.48206064058977116,1.161158057828,0.8100306174450176,1.043547165441168,0
sample_0306,2000,logit,True,True,True,False,0.01633768790535974,1.6685801656069434,0.16450256276868613,0.7673851019071923,2
sample_0307,2000,logit,True,True,True,False,9.104079041103901e-05,2.201780359927427,0.6709804227358902,1.0772658926024576,1
sample_0308,2000,logit,False,False,False,False,0.07878513405938761,1.4632929489285404,0.9190398677361274,0.9815045826776382,0
sample_0309,2000,logit,False,False,False,False,0.24822648971102723,1.2787305683972443,0.44036538066386965,0.8702442524890586,0
sample_0310,2000,logit,True,False,False,False,0.1678459242754552,1.343908706437325,0.9769443001526137,1.0050705651020917,1
sample_0311,2000,logit,False,False,False,False,0.6597116904786002,1.0924527763745668,0.359465795135948,0.857987050006314,0
sample_0312,2000,logit,False,False,False,False,0.3053693676943665,1.243256740125723,0.994293013232973,1.0012773647282165,0
sample_0313,2000,logit,False,False,False,False,0.6590897296532532,1.096468265653047,0.43084047005228565,1.1488927238470061,0
sample_0314,2000,fisher_marginal,True,False,False,False,0.10153642737965302,1.4088098308028314,0.8517055091926609,1.0368810025348996,1
sample_0315,2000,logit,False,False,False,False,0.3450790206803803,1.242532389257123,0.11532482437005538,1.3397598702754427,0
sample_0316,2000,logit,True,False,False,False,0.9573963137122878,0.9884324215696123,0.8932962506030452,1.0243690892717143,1
sample_0317,2000,logit,True,False,False,False,0.8299454568709227,0.9548833752595037,0.6141809787819397,1.0897926068000312,1
sample_0318,2000,logit,True,False,False,False,0.2600209539671441,0.7638542562059922,0.5364304258952011,0.8905183332212787,3
sample_0319,2000,logit,False,False,False,False,0.35966789352265405,1.2208725357953223,0.17052077056037995,0.7740050402159461,0
sample_0320,2000,logit,False,False,False,False,0.32027884496699877,1.237503702181438,0.00764740260565268,0.6034893341298593,0
sample_0321,2000,logit,False,False,False,False,0.5065683409667268,0.8620575358153421,0.18914127212478504,0.7900720581632182,0
sample_0322,2000,fisher_marginal,True,False,False,False,0.2615177952829847,1.2621532423512623,1.0,0.9966799468791501,1
sample_0323,2000,logit,False,False,False,False,0.6065289740838318,0.8956145301681173,0.25657945105540136,0.8163485958046622,0
sample_0324,2000,logit,False,False,False,False,0.574304273819279,1.1302133765544506,0.861221547455542,1.0320666173079796,0
sample_0325,2000,logit,False,False,False,False,0.42805054822237265,1.18048381312642,0.6581351593939384,1.080211163527518,0
sample_0326,2000,logit,False,False,False,False,0.662444713224674,1.1025227171202456,0.7235695218821764,0.9367142398668657,0
sample_0327,2000,logit,False,False,False,False,0.9850014518495754,1.003848664049467,0.5604413603606079,1.103329827413182,0
sample_0328,2000,logit,False,False,False,False,0.16500349933213154,0.7309724451547898,0.26728350942712054,0.8175188306214916,0
sample_0329,2000,logit,True,True,True,False,0.022315157594563696,1.6309242427707438,0.231622487536566,0.8047494738089364,1
sample_0330,2000,logit,False,False,False,False,0.8073275688966552,0.9475474795115112,0.017605707993806383,0.6458898596388769,0
sample_0331,2000,logit,False,False,False,False,0.7951799996169922,0.9408160185219983,0.6030300044361817,0.9098709693786909,0
sample_0332,2000,logit,False,False,False,False,0.9725744664493505,0.992780684337636,0.37907388586696933,0.8505338523860821,0
sample_0333,2000,logit,False,False,False,False,0.7847264858275559,1.0580080837797938,0.03075085891582241,0.6734654476436904,0
sample_0334,2000,logit,True,False,False,False,0.9075497971236841,0.9751054924692761,0.6233784545671919,0.913897313928619,1
sample_0335,2000,logit,False,False,False,False,0.7550386159616569,1.072405389780313,0.26381845389041925,0.8137800284977907,0
sample_0336,2000,logit,True,False,False,False,0.5253177988727811,1.1638191285228405,0.9336804021427949,1.0156489604572179,1
sample_0337,2000,logit,False,False,False,False,0.1484681957351799,1.351086564989678,0.8981584777914631,0.9780860168572623,0
sample_0338,2000,logit,False,False,False,False,0.9414853337647022,1.0149318167903927,0.45563442944016164,1.132944406265215,0
sample_0339,2000,logit,False,False,False,False,0.40511008584473984,1.19156875079956,0.03791758039244937,0.6833623878339321,0
sample_0340,2000,logit,False,False,False,False,0.10885456983034114,1.38874236991207,0.9626786530477646,0.991872687403985,0
sample_0341,2000,logit,False,False,False,False,0.43749125849168335,0.8350877012658192,0.20073513883620775,1.274023518438057,0
sample_0342,2000,fisher_marginal,True,True,False,True,0.3357084570192077,1.1992935635792779,0.03432277660972114,1.4359313077939233,2
sample_0343,2000,logit,False,False,False,False,0.15478441237016163,1.3539852971626767,0.40502020184531884,0.8559798245046786,0
sample_0344,2000,logit,True,False,False,False,0.37505872458635625,1.229986106187551,0.7559679486326294,1.0593850208735711,2
sample_0345,2000,logit,False,False,False,False,0.9443688733100359,1.0155837464959254,0.4097231009842641,1.159148738469536,0
sample_0346,2000,logit,True,True,True,False,0.02328443796492006,1.6181401199901975,0.779743584664323,1.050844099467734,1
sample_0347,2000,logit,False,False,False,False,0.2870634199576447,1.2593199645921813,0.9449234806071561,0.9873406079206231,0
sample_0348,2000,logit,True,False,False,False,0.8159954329776524,1.0492069468326863,0.17464229582326196,0.7846723419851884,1
sample_0349,2000,logit,False,False,False,False,0.28624024233952194,0.7866369289171194,0.2241428981287653,0.7927610808970811,0
sample_0350,2000,logit,True,False,False,False,0.7410957036469836,1.0766350965051497,0.39662024808542184,0.851252413892558,1
sample_0351,2000,logit,True,False,False,False,0.16778254533567427,1.354011352416098,0.021827437839167338,0.6440669411907067,1
sample_0352,2000,logit,True,True,True,True,0.0352084594568377,1.5747506115431775,0.031114696323753237,1.4525741009330777,3
sample_0353,2000,logit,True,True,True,False,0.03528997490178814,1.5358033859055964,0.06108653942604744,0.7133664897541855,1
sample_0354,2000,logit,False,False,False,False,0.6758494993807511,1.0911491478839808,0.44103718990635055,1.1410090421420538,0
sample_0355,2000,logit,False,False,False,False,0.9359200521113644,0.9830543137033271,0.9961245096053227,0.9991633937514711,0
sample_0356,2000,logit,False,False,False,False,0.0687410232483769,1.4636057068865516,0.4131074324026186,1.1509256164807653,0
sample_0357,2000,logit,True,False,False,False,0.34000338976254263,1.2210906104697252,0.07516827161754343,0.7293986612316765,1
sample_0358,2000,logit,False,False,False,False,0.06600548095537881,1.4461796709659045,0.9191923029470125,0.9827491606156389,0
sample_0359,2000,logit,True,True,False,True,0.38554185136763075,1.2079365037255199,0.04044192427655187,1.4427459329813932,2
sample_0360,2000,logit,False,False,False,False,0.3134891222625912,1.2439363613885543,0.35449479593926103,1.1825085134027395,0
sample_0361,2000,logit,True,False,False,False,0.6179570153605846,1.114509941424817,0.2563478185370559,1.2246492476356579,1
sample_0362,2000,logit,True,False,False,False,0.4073049453763212,1.1974571190712642,0.49362412980469583,0.8821368165696444,2
sample_0363,2000,logit,True,True,True,False,0.0042860399602765685,1.8624948736536195,0.9843748947620684,1.0035553719493984,3
sample_0364,2000,logit,False,False,False,False,0.38976288218440247,1.2021088818432777,0.10423303887905641,0.7376721815404383,0
sample_0365,2000,logit,True,True,True,False,0.0064309483024568145,1.8320555878785123,0.4780665815171864,1.1419542474195452,2
sample_0366,2000,logit,True,True,True,False,0.0010020775864829244,2.1290347652370603,0.23861580618628997,0.7971768024871964,2
sample_0367,2000,logit,False,False,False,False,0.7636475473570704,0.9377020929528694,0.32806304910326556,0.8387852484221308,0
sample_0368,2000,logit,True,False,False,False,0.2329314478981559,1.282720344332371,0.9789732443969571,0.9953552538133642,1
sample_0369,2000,logit,True,False,False,False,0.1752165551813234,1.3511960249322568,0.1478447749933274,1.2897501544067724,2
sample_0370,2000,logit,False,False,False,False,0.11445181732235593,1.4071926921435667,0.049522847108044867,0.6953855944468349,0
sample_0371,2000,fisher_marginal,True,True,True,False,0.02512939868495134,1.5455878180270501,0.217696952243949,1.2556170125051531,2
sample_0372,2000,logit,True,False,False,False,0.937794881656562,0.9819342906959381,0.9928972288916964,0.9983990059019168,2
sample_0373,2000,logit,False,False,False,False,0.943746094220399,1.016093908549953,0.015247323368756014,0.6195912969139197,0
sample_0374,2000,logit,True,False,False,False,0.5036910520760881,1.1586771599208319,0.6325611997953385,0.9148672771157245,1
sample_0375,2000,logit,True,False,False,False,0.8398659380986437,1.0448275654995274,0.8030099847420187,0.9569332814609072,1
sample_0376,2000,logit,True,False,False,False,0.5689497237002346,1.1283574973625843,0.9947031654297915,0.9988056856516213,1
sample_0377,2000,logit,True,False,False,False,0.424807460169607,1.1986957531294589,0.17965533727908956,0.7733951901695882,2
sample_0378,2000,logit,True,False,False,False,0.18771473990652143,1.3226503320791383,0.744006075391106,0.9434619002685347,1
sample_0379,2000,logit,False,False,False,False,0.1885929419245752,1.322357132163764,0.6149794945288687,0.9132053382766129,0
sample_0380,2000,logit,True,False,False,False,0.9281503996869502,0.9802445796296746,0.7323613279830442,0.9413161764962373,1
sample_0381,2000,logit,True,False,False,False,0.775242903370019,1.0671094788233797,0.015392352280124864,0.6276066738986933,1
sample_0382,2000,logit,False,False,False,False,0.5856584477518425,0.8783258869367755,0.05560681775241544,0.693540302583978,0
sample_0383,2000,logit,True,False,False,False,0.7538300113428092,1.0690772305558485,0.12219588664252688,0.7585224664212779,2
sample_0384,2000,logit,False,False,False,False,0.21259080791807938,1.3019184390494474,0.506181263172764,0.8879431014491527,0
sample_0385,2000,logit,True,True,True,False,0.006719555657744814,1.717529772242826,0.048556173606122174,0.7054001720874845,2
sample_0386,2000,logit,False,False,False,False,0.5270230183750834,0.8755804208892717,0.3788657222336689,0.8566951043203638,0
sample_0387,2000,logit,True,False,False,False,0.6085333165116464,1.1223950700583667,0.07890465468940243,0.7197020316447639,1
sample_0388,2000,logit,True,False,False,False,0.9954782834039829,0.9988008689784852,0.7278914171418445,0.9422961943259973,1
sample_0389,2000,logit,False,False,False,False,0.7204889110425172,1.077520121299144,0.010489453234910275,0.6320159761861843,0
sample_0390,2000,logit,True,True,True,False,0.0356695946106682,1.546552651743732,0.6695908996139769,0.9266213452206098,2
sample_0391,2000,logit,False,False,False,False,0.3419540051649025,1.2246535112034387,0.5027063357218837,0.8825424976594849,0
sample_0392,2000,logit,False,False,False,False,0.5592761180658035,1.1409960818759775,0.051906089304322896,0.689024461140639,0
sample_0393,2000,logit,True,False,False,False,0.42116318988576695,1.2000191932748563,0.2948990707118121,0.817834085570419,1
sample_0394,2000,logit,True,False,False,False,0.16531019012999715,1.349419495649677,0.09930026486721313,0.7268795292625012,2
sample_0395,2000,logit,True,False,False,False,0.4571004211250501,1.1799600319564931,0.6381580852642147,0.9201807380894695,1
sample_0396,2000,logit,False,False,False,False,0.34289279326734023,1.2154580760679938,0.6408947145378835,0.9241208935512428,0
sample_0397,2000,logit,False,False,False,False,0.8054764940937672,1.0553758554008434,0.8907008558775082,0.9756640725483021,0
sample_0398,2000,logit,True,False,False,False,0.8414274394504673,0.9599034911614391,0.06190427192964196,0.720843398081124,1
sample_0399,2000,logit,False,False,False,False,0.09970094092214758,1.4235569946684155,0.5455675149288772,1.1154952699657377,0
sample_0400,2000,logit,True,False,False,False,0.17579180477357814,1.3304356737979521,0.32784234911002363,0.8352793407824799,1
sample_0401,2000,logit,False,False,False,False,0.7405060791473961,0.9333262538077686,0.17151271931227663,0.7798819069902198,0
sample_0402,2000,logit,False,False,False,False,0.021722797106138152,0.5949588458944043,0.09714036114775874,0.7346847826888191,0
sample_0403,2000,logit,False,False,False,False,0.06174097533271432,1.5020178567620874,0.06234442084039885,0.7119313284091056,0
sample_0404,2000,logit,False,False,False,False,0.1459129884710484,1.374375094312615,0.45827361719817616,0.8723218325513455,0
sample_0405,2000,logit,True,False,False,False,0.62592630162268,1.1190556988575275,0.2871151711553309,0.8135397198811436,1
sample_0406,2000,logit,True,False,False,False,0.2919790362361042,1.2361471115626768,0.4177258412577398,0.8681381527520808,1
sample_0407,2000,logit,False,False,False,False,0.0803015769405639,1.422342800266331,0.7616682765374659,0.947854736484378,0
sample_0408,2000,logit,False,False,False,False,0.6900476539444144,1.0905855488500273,0.4539653600788459,1.141955544372169,0
sample_0409,2000,logit,True,False,False,False,0.4151048864569179,1.1987964743494013,0.0466786078221306,0.6880844630067432,2
sample_0410,2000,logit,True,False,False,False,0.6512714345888589,1.111383713942109,0.873054594583648,1.030408916976338,1
sample_0411,2000,logit,True,False,False,False,0.05431460611625259,1.5308982504490816,0.10752764191413948,0.7375208406856679,1
sample_0412,2000,logit,False,False,False,False,0.6162809761442025,1.1112468452267883,0.3404248646033299,0.8483400133466824,0
sample_0413,2000,logit,True,False,False,False,0.17708759677963337,1.3429324806821221,0.27692055921640013,0.8218358123389068,1
sample_0414,2000,logit,False,False,False,False,0.4030099854146971,1.2028101049118516,0.9478193014569752,1.0117022965762437,0
sample_0415,2000,logit,False,False,False,False,0.7571845730677191,0.9341450693016365,0.076759075019755,0.71737567501402,0
sample_0416,2000,logit,False,False,False,False,0.48659489671954415,1.166102469303794,0.12686003324665618,0.7530576047420211,0
sample_0417,2000,logit,False,False,False,False,0.5188852354323725,0.8588183234192968,0.8701929193645881,0.970073276845122,0
sample_0418,2000,logit,True,False,False,False,0.11517827353968488,1.4009216644104356,0.21052343592112677,0.8020724555649207,1
sample_0419,2000,logit,True,False,False,False,0.12375013085922355,1.4131648525696998,0.21937324880747633,1.241268575784627,1
sample_0420,2000,logit,False,False,False,False,0.07754930890242887,0.6954558073488665,0.24484096333264926,0.819763305060413,0
sample_0421,2000,logit,True,False,False,False,0.29797666082494434,1.262782680215565,0.18943750347587396,0.7799266898072464,1
sample_0422,2000,logit,True,False,False,False,0.4624113407813073,0.8535797922582138,0.7810181636028642,1.0516348289176005,1
sample_0423,2000,logit,True,False,False,False,0.44674077022061165,1.177260007805896,0.5090585086241635,0.8894826933630587,1
sample_0424,2000,logit,False,False,False,False,0.6520627739637217,0.9088454745011342,0.12129194171716047,1.31780807414362,0
sample_0425,2000,logit,False,False,False,False,0.20361011018793795,1.3202183597053632,0.07548641864676188,1.3675401916442445,0
sample_0426,2000,logit,False,False,False,False,0.8169229793534661,1.049304367459131,0.06747581846148828,0.7220998566857629,0
sample_0427,2000,logit,False,False,False,False,0.16907673752763397,1.3572738437330782,0.6716982593660357,0.9260470975572959,0
sample_0428,2000,logit,True,True,True,False,0.0030013952649720786,1.8953257399448515,0.20861816417534096,0.7925755823235857,2
sample_0429,2000,logit,False,False,False,False,0.21083681550220268,0.7348754910856999,0.8037459834603059,1.0480148026308762,0
sample_0430,2000,logit,False,False,False,False,0.6233159343680268,1.1063615846874946,0.38692871462869616,0.8611433226913008,0
sample_0431,2000,logit,False,False,False,False,0.9385367571167451,1.01688048045596,0.5961655499711382,0.912286726816816,0
sample_0432,2000,logit,True,False,False,False,0.8927073175375714,1.0312323824234633,0.8960055736725602,1.0245514359975008,2
sample_0433,2000,logit,True,False,False,False,0.46278832357882815,1.1857201662449113,0.7107775237721892,1.071747030255028,2
sample_0434,2000,logit,False,False,False,False,0.47931509992099464,1.1557154900337847,0.011731264297851252,0.6367874585063775,0
sample_0435,2000,logit,False,False,False,False,0.16459606330780863,1.3437716908296922,0.046226695920109515,0.691576812273975,0
sample_0436,2000,logit,True,False,False,False,0.9791928351806736,0.9944837679158347,0.04458257383602021,0.6977160460061097,1
sample_0437,2000,logit,False,False,False,False,0.5111501459634138,1.1524892599820178,0.06519925634556238,0.7097980219898216,0
sample_0438,2000,logit,False,False,False,False,0.19340486438803928,1.3139291775601425,0.20860841621372406,0.7949995541328907,0
sample_0439,2000,logit,False,False,False,False,0.7664752915138104,1.0669171833531883,0.037202584748034576,0.6863647037848275,0
sample_0440,2000,logit,True,False,False,False,0.9767266895121537,1.0065195277375136,0.5069115138049094,0.8886236493689645,1
sample_0441,2000,logit,False,False,False,False,0.3423110078434499,0.8115139154704276,0.660763751933819,0.9234632296288076,0
sample_0442,2000,logit,False,False,False,False,0.25699060079322644,1.2810284139929755,0.29650667049753066,0.82304825671014,0
sample_0443,2000,logit,True,False,False,False,0.9520079308090535,0.9866455513818057,0.0041886618655792305,0.5961865049797987,2
sample_0444,2000,logit,True,False,False,False,0.251182363844317,1.27840909682256,0.08089661026514215,0.734904127866674,2
sample_0445,2000,logit,False,False,False,False,0.24170294519525903,1.2935269581073114,0.9105918368737114,1.020818099082972,0
sample_0446,2000,logit,False,False,False,False,0.09944505781879545,1.415716566351518,0.38879105046354734,1.1661656327731538,0
sample_0447,2000,logit,False,False,False,False,0.1416910559178075,0.7006180022750648,0.45368686739550157,0.8662240329311641,0
sample_0448,2000,logit,False,False,False,False,0.37760251751899077,1.222613387249173,0.14969286593793585,0.7528499203300203,0
sample_0449,2000,logit,False,False,False,False,0.19188279629737903,0.7482897644269166,0.0771580346126086,0.7313167739228994,0
sample_0450,2000,logit,False,False,False,False,0.10691692556966596,1.3883317783967957,0.7666252715024217,0.9499312818262582,0
sample_0451,2000,logit,True,False,False,False,0.23066079417124008,1.27801685246004,0.7723016806226893,1.0501124875924155,1
sample_0452,2000,logit,False,False,False,False,0.061818987417112996,1.4919934799932055,0.8708813499760524,1.0292754706162162,0
sample_0453,2000,logit,False,False,False,False,0.6758596188392971,1.0939089108466657,0.7271457755704328,0.9406826337927809,0
sample_0454,2000,logit,False,False,False,False,0.4895378988334853,1.1700706758585122,0.0020333164608133682,0.5350266284013657,0
sample_0455,2000,logit,False,False,False,False,0.6556729222835754,0.9059133206895601,0.48365390750788884,0.877203194331769,0
sample_0456,2000,logit,False,False,False,False,0.15228568953290766,1.3625086474080275,0.9304785466696822,1.0156675660069991,0
sample_0457,2000,logit,True,False,False,False,0.32404809085941233,1.2430354230842473,0.04507234574631545,0.6890516414018589,1
sample_0458,2000,logit,False,False,False,False,0.2387494374945791,1.2919954556053699,0.023671799482088154,0.6558462254514638,0
sample_0459,2000,logit,False,False,False,False,0.20432717634357966,0.7550015103775425,0.09229862293676036,0.7368791823497298,0
sample_0460,2000,logit,False,False,False,False,0.40480072332676864,1.1903330794652618,0.5932547964002871,0.9083610113739299,0
sample_0461,2000,logit,False,False,False,False,0.9890715354098188,0.9966202661397209,0.7458150721607062,0.9394593085620007,0
sample_0462,2000,logit,True,True,True,False,0.03395962461234151,1.5592312523722893,0.8943555244677657,1.0238244861148211,1
sample_0463,2000,logit,False,False,False,False,0.4900920221674384,0.8546215756090519,0.40424386192672734,0.8549964143165323,0
sample_0464,2000,logit,True,False,False,False,0.6513654718553621,1.1056536757213191,0.09723960920782632,0.7331346821850192,1
sample_0465,2000,logit,False,False,False,False,0.24261267770835837,1.2775128396003046,0.9040309170930245,1.021913193258521,0
sample_0466,2000,logit,True,False,False,False,0.12256173802348391,1.4100143434493007,0.02814823454368714,0.6623116673093443,1
sample_0467,2000,logit,False,False,False,False,0.16164362182302305,1.3603363137157498,0.3994718759183099,0.8521733713409908,0
sample_0468,2000,logit,True,False,False,False,0.20000957786419227,1.3019298468767844,0.6894419960979787,0.9325897867262647,1
sample_0469,2000,logit,True,True,True,False,0.03807206717212187,1.52763246969492,0.5385846158715997,0.8961852074123088,2
sample_0470,2000,logit,True,False,False,False,0.1253240937976009,1.4241711419978005,0.447877991013245,1.1499615440765858,2
sample_0471,2000,logit,False,False,False,False,0.8015986865237357,1.057848414906158,0.029833704813755673,0.6681740110998745,0
sample_0472,2000,logit,False,False,False,False,0.9006940193552122,1.027488496831123,0.6401275447073353,0.9172911327289863,0
sample_0473,2000,logit,False,False,False,False,0.7926399117742661,1.0584384831116544,0.8649076857087871,0.9697723510969241,0
sample_0474,2000,logit,True,False,False,False,0.2823238002224888,1.251521540177451,0.9413297076215825,1.0131331901433067,1
sample_0475,2000,logit,False,False,False,False,0.3762002413052372,1.2131064324209242,0.1663806503171572,0.773321150381854,0
sample_0476,2000,logit,False,False,False,False,0.7957222926069096,1.0583094968925895,0.8543779118026769,0.967199786421468,0
sample_0477,2000,logit,True,False,False,False,0.3280742434705819,0.7842728958662863,0.38432665393727095,0.8484081313653767,2
sample_0478,2000,logit,True,False,False,False,0.2129158051879515,1.3327605025949703,0.4677374748663914,1.1470361886696012,1
sample_0479,2000,logit,True,False,False,False,0.18350448189020652,1.3178428244390366,0.01833292854771905,0.6520677838062677,1
sample_0480,2000,logit,True,False,False,False,0.46305083148758963,1.179192428727387,0.26974094928289527,0.8098042996823543,1
sample_0481,2000,logit,False,False,False,False,0.6590654885965207,1.0981527251964425,0.5361704211154072,0.8971588239193116,0
sample_0482,2000,logit,False,False,False,False,0.9502311591406558,0.9862281810597826,0.07282463761789484,1.376642727831507,0
sample_0483,2000,logit,True,False,False,False,0.12925814139738584,1.4477839984413294,0.9005643964749386,0.9751825294610101,1
sample_0484,2000,logit,False,False,False,False,0.08453808075370668,1.447994344547958,0.016538319622241747,0.6411598503187097,0
sample_0485,2000,logit,False,False,False,False,0.05476296118502122,1.4967369450091064,0.6439974112345954,1.0847468665641915,0
sample_0486,2000,logit,True,False,False,False,0.672497082669395,1.1054363109801082,0.8277198464451521,1.0420852550022308,2
sample_0487,2000,logit,False,False,False,False,0.6570650927630066,0.9061196598368391,0.9135797357325208,0.9807789399394956,0
sample_0488,2000,logit,True,False,False,False,0.3416970435303103,1.2478540577020367,0.992240260424977,1.0018386807631325,1
sample_0489,2000,logit,False,False,False,False,0.642736276387077,0.9018133769470972,0.18545230972671,0.781704553657056,0
sample_0490,2000,logit,True,True,True,False,0.024625223985841438,1.5952142233595834,0.6242151296716214,0.9168534391189597,2
sample_0491,2000,logit,True,False,False,False,0.43144543424312465,0.8215145979038305,0.2310060558011956,1.2496098783249252,2
sample_0492,2000,logit,True,True,True,False,0.014128748219962685,1.6739991472743956,0.060631385247415785,0.7041801991725293,2
sample_0493,2000,logit,True,False,False,False,0.18309947236430968,1.321228598307497,0.7410517158440715,0.9447418723334771,2
sample_0494,2000,logit,False,False,False,False,0.8887702001851862,0.9682272337455168,0.1538649338240262,0.7607262845025654,0
sample_0495,2000,logit,False,False,False,False,0.1278382643889731,1.398328407145789,0.30827099121782453,0.8241107764734368,0
sample_0496,2000,logit,False,False,False,False,0.9166699729115734,1.0233068411339135,0.6649427631046476,1.0814338298103556,0
sample_0497,2000,logit,False,False,False,False,0.6269553589922621,1.1186791739843593,0.5369436699383177,0.883417217380093,0
sample_0498,2000,logit,True,False,False,False,0.8480054650847139,1.0408411118841987,0.5312021892780201,0.8955083164537209,1
sample_0499,2000,logit,True,True,True,False,0.012807721367663354,1.7532723080338932,0.687701869734312,0.9284659083757975,2
